keys,zh_CN
ui.main_menu.title,沧海余生
ui.main_menu.subtitle,在风浪之间，搭建最后的归宿
ui.main_menu.start,开始游戏
ui.main_menu.continue,继续游戏
ui.main_menu.quit,退出
ui.main_menu.start_unavailable,启动流程不可用。
ui.debug_panel.title,调试面板（F3）
ui.offline_settlement.title,离线结算
ui.offline_settlement.continue,继续
ui.survival.title,生存状态（S2）
ui.survival.supply_empty,补给：--
ui.survival.durability_empty,耐久：--
ui.survival.stamina_empty,体力：--
ui.survival.supply,补给：%.1f / %.0f
ui.survival.durability,耐久：%.1f / %.0f
ui.survival.stamina,体力：%d / %d
ui.survival.supply_depleted,补给耗尽：手动操作效率降低
ui.survival.supply_warning,补给不足
ui.survival.durability_depleted,耐久耗尽：无法进入战斗
ui.survival.durability_warning,耐久偏低
ui.survival.stamina_depleted,体力耗尽：无法探索或战斗
ui.survival.stamina_warning,体力偏低
ui.build.title,竹筏建造（S1）
ui.build.wood,木材：%d
ui.build.select_building,选择建筑
ui.build.unavailable,设施不可用
ui.build.select_with_cost,选择：%s（%s）
ui.build.status_initial,选择建筑，点击竹筏格位开始。
ui.build.status_select_tile,选择竹筏格位放置设施（Enter 确认 / Esc 取消）。
ui.build.status_tile_selected,已选择格位（%d，%d），Enter 确认建造。
ui.build.level_badge,Lv%d
ui.ocean_map.waiting,等待海图载入
ui.ocean_map.region,%s  ·  海图 %d，%d
ui.ocean_map.hover_hint,准备驶向：%s
ui.ocean_map.sail_hint,点击相邻漂流点启航  ·  拖动浏览  ·  滚轮缩放
ui.ocean_map.build_rudder_hint,先进入「设施」建造船舵，才能驶出当前海域
ui.ocean_map.default_status,探索海面、打捞材料，再升级你的船上设施
ui.nav.tip_map,航海图（1）
ui.nav.tip_goal,目标（2）
ui.nav.tip_build,设施（3）
ui.nav.tip_supply,补给（4）
ui.nav.tip_crew,伙伴（5）
ui.nav.tip_merchant,商人（6）
ui.nav.tip_menu,菜单
ui.menu.button,菜单
ui.menu.title,游戏菜单
ui.menu.save,保存游戏
ui.menu.return_main,返回主菜单
ui.menu.close,继续游戏
ui.menu.saved,已保存当前进度。
ui.menu.save_failed,保存失败，请重试。
ui.menu.no_session,当前没有可保存的游戏。
message.save.load_failed,读取存档失败。
ui.build.status_cancelled,已取消建造。
ui.build.cost_entry,%s×%d
ui.build.confirm,确认建造
ui.build.cancel,取消
ui.production.title,采集与生产（S3）
ui.production.inventory_empty,库存：--
ui.production.facility_empty,设施：--
ui.production.inventory,%s %d｜%s %d｜%s %d\n%s %d/%d｜%s %d/%d
ui.production.facility_list,设施：\n%s
ui.production.facility_none,设施：建造集雨器、篝火或维修站后可运行。
ui.production.repair,维修
ui.production.facility_line,%s：%s，%.0f 秒，%s
ui.production.running,运行
ui.production.stopped,已停
ui.production.stall_manually_stopped,已停
ui.production.stall_supply_depleted,补给耗尽
ui.production.stall_missing_input,缺原料
ui.production.stall_output_full,产物满仓
ui.production.stall_normal,正常
ui.production.need_facility,先建造对应设施。
ui.production.gather_wood,采集木材
ui.production.gather_fish,采集生鱼
ui.production.gather_water,采集海水
ui.production.use_fresh_water,使用淡水 +10
ui.production.use_grilled_fish,使用烤鱼 +15
ui.production.toggle_collector,启停集雨器
ui.production.toggle_campfire,启停篝火
ui.production.toggle_repair,启停维修站
ui.world_map.title,世界地图（S4）
ui.world_map.confirm,确认航行
ui.world_map.cancel,取消并返回竹筏
ui.world_map.status_initial,选择相邻海域开始探索。
ui.world_map.returned,已返回竹筏规划。
ui.world_map.current_empty,当前海域：--
ui.world_map.start_hint,开始游戏后可勘察附近海域。
ui.world_map.current,当前海域：%s（%d，%d）
ui.world_map.region_button,%s（%d，%d）%s
ui.world_map.charted,已勘察
ui.world_map.uncharted,未勘察
ui.world_map.preview_hint,选择相邻海域以预览航行。
ui.world_map.preview,前往 %s 消耗 %d 点体力。当前体力：%d。%s
ui.world_map.ready,可以起航。
ui.world_map.build_rudder,请先建造船舵。
ui.offline_settlement.time_hours,%d 小时
ui.offline_settlement.time_hours_minutes,%s %d 分钟
ui.offline_settlement.summary,离线 %s\n补给：%.1f（%+.1f）\n耐久：%.1f\n体力：%d（%+d）
message.session.created,已创建新游戏。
message.session.invalid,无法在缺少游戏会话时执行命令。
message.session.empty_command,无法执行空命令。
message.session.unsupported_command,尚未注册命令“%s”的处理器。
message.session.start_before_building,请先开始游戏再建造。
message.session.start_before_gathering,请先开始游戏再采集。
message.session.start_before_use_supplies,请先开始游戏再使用补给。
message.session.start_before_operating,请先开始游戏再操作设施。
message.session.start_before_sailing,请先开始游戏再航行。
message.session.item_unavailable,该物品不可用。
message.session.item_not_food,该物品无法恢复补给。
message.session.supplies_full,补给已满。
message.session.no_food,没有可用食物。
message.session.supplies_restored,补给恢复了 %.0f 点。
message.building.no_active_state,没有活动游戏状态，无法建造。
message.building.invalid_rotation,建筑旋转值必须在 0 到 3 之间。
message.building.unavailable,该建筑不可用。
message.building.invalid_placement,请选择未被占用的竹筏格位。
message.building.insufficient_resources,建造材料不足。
message.building.built,已建造%s。
message.gather.invalid_request,请选择有效的资源数量。
message.gather.unavailable,该资源不可用。
message.gather.inventory_full,该资源的库存已满。
message.gather.collected,已采集 %d 个%s。
message.production.invalid_target,请选择有效设施。
message.production.not_facility,该建筑无法操作。
message.production.enabled,设施已启动。
message.production.disabled,设施已停止。
message.survival.state_unavailable,生存状态不可用。
message.survival.action_unavailable,该生存行动不可用。
message.survival.repair_before_battle,请先修复耐久再进入战斗。
message.survival.insufficient_stamina,体力不足，无法执行该行动。
message.survival.invalid_durability_loss,耐久损失需要有效来源和正数数值。
message.exploration.no_world_state,航行前需要世界状态。
message.exploration.region_unavailable,该海域不可用。
message.exploration.rudder_required,航行前请先建造船舵。
message.exploration.current_region_unavailable,当前海域不可用。
message.exploration.not_adjacent,只能航行到相邻海域。
message.exploration.reward_inventory_full,航行奖励的库存空间不足。
message.exploration.arrived_calm,已抵达%s，海面平静。
message.exploration.arrived_rewards,已抵达%s：%s
message.exploration.arrived_storm,已抵达%s：风暴造成 %.0f 点耐久损失。
message.exploration.arrived_encounter,已抵达%s：%s
message.exploration.reward_entry,%s +%d
message.exploration.found_rewards,发现%s。
data.item.wood.name,木材
data.item.wood.description,基础建造材料。
data.item.fresh_water.name,淡水
data.item.fresh_water.description,由集雨器收集的洁净饮水。
data.item.grilled_fish.name,烤鱼
data.item.grilled_fish.description,在火上烹制的温热食物。
data.item.raw_fish.name,生鱼
data.item.raw_fish.description,刚捕到、可以烹饪的鱼。
data.item.seawater.name,海水
data.item.seawater.description,从海中采集的咸水。
data.building.campfire.name,篝火
data.building.campfire.description,将生鱼烹制成饱腹的食物。
data.building.rain_collector.name,集雨器
data.building.rain_collector.description,为竹筏收集雨水。
data.building.repair_station.name,维修站
data.building.repair_station.description,维持竹筏船体的良好状态。
data.building.rudder.name,船舵
data.building.rudder.description,让竹筏能够驶入相邻海域。
data.building.water_tank.name,储水罐
data.building.water_tank.description,储存更多淡水。
data.recipe.collect_fresh_water.name,收集淡水
data.recipe.grill_fish.name,烹饪烤鱼
data.region.east_current.name,东侧洋流
data.region.east_current.description,明亮的洋流延伸至地平线外。
data.region.north_mist.name,北方迷雾
data.region.north_mist.description,寒冷的迷雾遮蔽北方海面。
data.region.starting_sea.name,启航海域
data.region.starting_sea.description,竹筏最初停泊点周围的海域。
data.region.west_shoals.name,西侧浅滩
data.region.west_shoals.description,漂流物容易聚集的浅水区。
data.encounter.calm_sea.name,平静海面
data.encounter.calm_sea.description,航行后只有平静的地平线回应。
data.encounter.resource_cache.name,漂流补给箱
data.encounter.resource_cache.description,被海浪困住的木箱。
data.encounter.sudden_storm.name,突发风暴
data.encounter.sudden_storm.description,强烈阵风撕扯着竹筏。
data.fixture.wood.name,测试木材
data.fixture.wood.description,测试物品。
data.fixture.collector.name,测试收集器
data.fixture.collector.description,测试建筑。
data.fixture.duplicate_item.name,重复测试物品
data.fixture.duplicate_item.description,与其他测试定义共用 ID。
data.fixture.duplicate_building.name,重复测试建筑
data.fixture.duplicate_building.description,与其他测试定义共用 ID。
ui.survivor.title,伙伴与编队（S5）
ui.survivor.pending,待招募：%s
ui.survivor.pending_empty,尚未发现等待救援的伙伴。
ui.survivor.roster_empty,尚未招募伙伴。航行时留意救援信号。
ui.survivor.lineup,出战编队（%d/%d）：%s
ui.survivor.lineup_empty,暂无出战伙伴
ui.survivor.recruit,招募 %s
ui.survivor.add_to_lineup,加入编队
ui.survivor.remove_from_lineup,移出编队
ui.survivor.upgrade,升级（%s）
ui.survivor.card,%s　Lv%d\n%s\n技能：%s\n被动：%s +%.2f / 级
message.session.start_before_recruiting,请先开始游戏再管理伙伴。
message.survivor.state_unavailable,伙伴状态不可用。
message.survivor.unavailable,该伙伴不可用。
message.survivor.not_rescued,该伙伴尚未被救援。
message.survivor.already_recruited,该伙伴已加入队伍。
message.survivor.not_recruited,该伙伴尚未招募。
message.survivor.max_level,该伙伴已达到 Lv10。
message.survivor.insufficient_resources,升级材料不足。
message.survivor.invalid_lineup,编队中存在未招募或重复的伙伴。
message.survivor.lineup_full,最多只能安排 3 名出战伙伴。
message.survivor.recruited,%s 已加入队伍。
message.survivor.upgraded,%s 升至 Lv%d。
message.survivor.lineup_updated,出战编队已更新。
message.exploration.arrived_rescue,已抵达%s：发现了等待救援的 %s。
data.encounter.rescue_marin.name,漂流的海员
data.encounter.rescue_marin.description,一名海员正抓着破损的救生圈等待援手。
data.encounter.rescue_yue.name,迷雾中的信号
data.encounter.rescue_yue.description,雾中传来有节奏的求救哨声。
data.encounter.rescue_bo.name,浅滩求生者
data.encounter.rescue_bo.description,一位医护人员在浅滩的浮木旁等待救援。
data.encounter.rescue_su.name,远处的求救火光
data.encounter.rescue_su.description,漂流木筏上的火光指引你靠近。
data.survivor.marin.name,马林
data.survivor.marin.description,经验丰富的甲板水手，擅长用锚链制造破绽。
data.survivor.yue.name,岳岚
data.survivor.yue.description,沉着的船体维修师，能在混战中守住阵线。
data.survivor.bo.name,阿波
data.survivor.bo.description,曾任海上急救员，总能让队伍重新振作。
data.survivor.su.name,苏澈
data.survivor.su.description,敏捷的渔猎人，出手时机极其精准。
data.skill.anchor_strike.name,锚击
data.skill.anchor_strike.description,以沉重锚链压制敌人；战斗效果将在 S6 接入。
data.skill.tide_guard.name,潮汐守卫
data.skill.tide_guard.description,以稳固姿态保护队伍；战斗效果将在 S6 接入。
data.skill.first_aid.name,紧急包扎
data.skill.first_aid.description,快速处理伤口；战斗效果将在 S6 接入。
data.skill.harpoon_throw.name,鱼叉投掷
data.skill.harpoon_throw.description,瞄准破绽投出鱼叉；战斗效果将在 S6 接入。
ui.survivor.challenge_boss,挑战教学 Boss
ui.battle.title,教学 Boss 战
ui.battle.normal_attack,普通攻击
ui.battle.use_skill,使用 %s
ui.battle.return,返回竹筏
ui.battle.status,%s\nBoss：%d / %d\n回合：%d
ui.battle.party_member,%s：%d / %d
data.boss.tutorial_sea_beast.name,礁海巨兽
data.boss.tutorial_sea_beast.description,盘踞在起航海域边缘的巨兽，适合检验基础战斗技巧。
message.session.start_before_battle,请先开始游戏再进入战斗。
message.battle.state_unavailable,战斗状态不可用。
message.battle.already_active,已有一场战斗正在进行。
message.battle.unavailable,该 Boss 不可用。
message.battle.lineup_required,请先安排至少一名已招募伙伴出战。
message.battle.started,已向 %s 发起挑战。
message.battle.not_active,当前没有进行中的战斗。
message.battle.invalid_actor,该伙伴无法执行本次行动。
message.battle.actor_defeated,该伙伴已失去行动能力。
message.battle.skill_cooldown,技能尚在冷却中。
message.battle.not_completed,战斗尚未结束。
message.battle.returned,已返回竹筏。
message.battle.actor_attacked,%s 使用%s造成 %d 点伤害。
message.battle.actor_healed,%s 使用%s恢复 %d 点生命。
message.battle.boss_attacked,%s 攻击 %s，造成 %d 点伤害。
message.battle.boss_defeated,%s 使用%s造成 %d 点伤害并击败 Boss！
message.battle.victory,胜利！奖励、伙伴经验与耐久影响已结算。
message.battle.defeat,战斗失败。耐久影响已结算。
message.battle.settlement_failed,战斗奖励无法结算，请先腾出库存空间。
ui.build.facilities,船上设施
ui.build.facility_entry,%s  Lv%d
ui.build.upgrade_cost,升级至 Lv%d（%s）
ui.build.max_level,已满级
message.building.upgrade_unavailable,找不到要升级的设施。
message.building.max_level,该设施已达到最高等级。
message.building.insufficient_upgrade_resources,升级材料不足，继续探索海面收集资源吧。
message.building.upgraded,%s 已升级至 Lv%d。
ui.build.raft_no_session,竹筏等级：--
ui.build.raft_level,竹筏等级：Lv%d（甲板 %d×%d）
ui.build.raft_level_max,竹筏等级：Lv%d（甲板 %d×%d，已满级）
ui.build.upgrade_raft,扩建竹筏
ui.build.upgrade_raft_cost,扩建竹筏（%s）
ui.build.upgrade_raft_max,已满级
message.progression.raft_unavailable,竹筏成长数据不可用。
message.progression.max_level,竹筏已升至最高等级。
message.progression.insufficient_resources,木材不足，无法扩建竹筏。
message.progression.raft_upgraded,竹筏扩建至 Lv%d，甲板变为 %d×%d。
message.session.start_before_upgrading,请先开始游戏再扩建竹筏。
data.building.desalinator.name,海水淡化器
data.building.desalinator.description,将海水蒸馏成可饮用的淡水。
data.building.fishing_net.name,渔网
data.building.fishing_net.description,在竹筏边缘布网，自动捕获生鱼。
data.building.storage_rack.name,储物架
data.building.storage_rack.description,扩充木材与食物的存放空间。
data.recipe.desalinate.name,蒸馏海水
data.recipe.fish_net.name,收网捕鱼
data.boss.reef_leviathan.name,暗礁巨鳗
data.boss.reef_leviathan.description,潜伏在暗礁带的大型掠食者，需要更强的编队才能挑战。
ui.production.toggle_desalinator,启停淡化器
ui.production.toggle_fishing_net,启停渔网
ui.survivor.challenge_reef,挑战区域 Boss
ui.survivor.challenge_reef_locked,区域 Boss（竹筏 Lv2 解锁）
message.battle.boss_locked,尚未解锁该 Boss。
data.merchant.wandering.name,流浪商人
data.merchant.wandering.description,漂泊的货郎，用海货换取你需要的东西。
ui.merchant.title,%s
ui.merchant.offer,购买 %s×%d（%s）· 库存 %d
ui.merchant.empty,商人暂时没有货物。
ui.merchant.status_initial,商人靠岸了，看看有什么可以交换。
message.merchant.unavailable,商人数据不可用。
message.merchant.unknown_offer,商人没有这件货物。
message.merchant.insufficient_resources,交换材料不足。
message.merchant.inventory_full,背包已满，无法收纳货物。
message.merchant.out_of_stock,该货物已售罄。
message.merchant.purchased,购入 %d 份%s。
message.session.start_before_merchant,请先开始游戏再与商人交易。
data.quest.first_shelter.name,建造集雨器
data.quest.first_shelter.description,在竹筏上建造一座集雨器，开始收集淡水。
data.quest.first_drink.name,饮用第一份淡水
data.quest.first_drink.description,等待集雨器产出淡水后饮用一份，恢复补给。
data.quest.first_sail.name,驶向西部浅滩
data.quest.first_sail.description,建造船舵后探索相邻的西部浅滩海域。
data.quest.first_crew.name,救起一位伙伴
data.quest.first_crew.description,在航行中救起一位落难者并招募入队。
data.quest.first_expand.name,扩建竹筏
data.quest.first_expand.description,把竹筏扩建到 Lv2，获得更大的甲板。
data.quest.first_boss.name,击败教学 Boss
data.quest.first_boss.description,编队后击败礁海巨兽，检验你的战斗准备。
ui.goal.title,%s（%d/%d）
ui.goal.navigate,去完成
ui.goal.all_done,所有新手目标已完成，继续探索海面吧！
ui.goal.status_hint,当前只显示下一项主目标，可一键前往完成。
ui.goal.status_initial,开始游戏后显示新手目标。
ui.current_goal.initial,开始游戏后显示当前主目标。
ui.current_goal.complete,新手航程已完成
ui.current_goal.title,主目标：%s（%d/%d）
ui.current_goal.challenge,挑战 Boss
ui.quest_feedback.completed,%s 已完成！\n下一步：%s
ui.world_map.view_rescued_survivor,查看获救伙伴
ui.world_map.boss_threat,海图威胁：挑战%s
message.quest.unavailable,新手目标数据不可用。
